{
  "dataset_name": "CIFAR-10",
  "epochs": [
    {
      "epoch": 1,
      "train_loss": 2.4021605849266052,
      "train_accuracy": 0.16015625,
      "val_loss": 2.25759220123291,
      "val_accuracy": 0.14705882352941177
    }
  ],
  "best_val_accuracy": 0.14705882352941177
}